{
  "bash": {
    "revision": "275effdfc0edce774acf7d481f9ea195c6c403cd"
  },
  "beancount": {
    "revision": "78b8ddca3ab774573a4e3bf64eabd79e9452cea9"
  },
  "bibtex": {
    "revision": "ccfd77db0ed799b6c22c214fe9d2937f47bc8b34"
  },
  "c": {
    "revision": "e348e8ec5efd3aac020020e4af53d2ff18f393a9"
  },
  "c_sharp": {
    "revision": "352a4630c81a7a5cbd3bc67327743bd8d38f2dd2"
  },
  "clojure": {
    "revision": "39bf0977d223879436c1425fe6bfeb3bcfd86f92"
  },
  "cmake": {
    "revision": "5020572408a386d5d2dfac3516584f5edda7a49b"
  },
  "comment": {
    "revision": "6975eb268f42df2afc313f96c0693e284685dba7"
  },
  "commonlisp": {
    "revision": "c7e814975ab0d0d04333d1f32391c41180c58919"
  },
  "cpp": {
    "revision": "656d7ea44b2b0daece78791e30281e283f30001e"
  },
  "css": {
    "revision": "a03f1d2d1dfbf6f8e0fdca5f9ff030228241eb57"
  },
  "cuda": {
    "revision": "14cd86e18ba45e327017de5b3e0f8d8f7f8e98ec"
  },
  "d": {
    "revision": "c2fbf21bd3aa45495fe13247e040ad5815250032"
  },
  "dart": {
    "revision": "6a25376685d1d47968c2cef06d4db8d84a70025e"
  },
  "devicetree": {
    "revision": "fa70098cd70393f84785f85cdc6a45299b59cd5b"
  },
  "dockerfile": {
    "revision": "d34a0cebd094e830bdd2106a28cb2f1fb22401d8"
  },
  "dot": {
    "revision": "92877bac7033e409ccfb3f07fe28ef1dfd359457"
  },
  "eex": {
    "revision": "f742f2fe327463335e8671a87c0b9b396905d1d1"
  },
  "elixir": {
    "revision": "de20391afe5cb03ef1e8a8e43167e7b58cc52869"
  },
  "elm": {
    "revision": "5128296ba8542853d59e6b7c8dfe3d1fb9a637ea"
  },
  "erlang": {
    "revision": "9d5fd0c329280a156bf7614a49dc5e8c58cc037c"
  },
  "fennel": {
    "revision": "fce4331731a960077ff5f98939bc675179f1908a"
  },
  "fish": {
    "revision": "04e54ab6585dfd4fee6ddfe5849af56f101b6d4f"
  },
  "foam": {
    "revision": "fdb7f14b885abfc4df57728c9b2a2f2ad24d3cb7"
  },
  "fortran": {
    "revision": "f0f2f100952a353e64e26b0fa710b4c296d7af13"
  },
  "fusion": {
    "revision": "19db2f47ba4c3a0f6238d4ae0e2abfca16e61dd6"
  },
  "gdscript": {
    "revision": "2a6abdaa47fcb91397e09a97c7433fd995ea46c6"
  },
  "glimmer": {
    "revision": "67aee6c5be5ebbcf19714279b489dd1fabb0edb1"
  },
  "glsl": {
    "revision": "ffb93961426926554a0ba4a389ea6e9d6fafdea9"
  },
  "go": {
    "revision": "0fa917a7022d1cd2e9b779a6a8fc5dc7fad69c75"
  },
  "godot_resource": {
    "revision": "b6ef0768711086a86b3297056f9ffb5cc1d77b4a"
  },
  "gomod": {
    "revision": "3cbcb572109ea0bc476a292208722c326c9e6c3a"
  },
  "gowork": {
    "revision": "6dd9dd79fb51e9f2abc829d5e97b15015b6a8ae2"
  },
  "graphql": {
    "revision": "5e66e961eee421786bdda8495ed1db045e06b5fe"
  },
  "hack": {
    "revision": "4770eb21a36307c156cfd2555ddd8e10c304fdc3"
  },
  "haskell": {
    "revision": "d6ccd2d9c40bdec29fee0027ef04fe5ff1ae4ceb"
  },
  "hcl": {
    "revision": "3cb7fc28247efbcb2973b97e71c78838ad98a583"
  },
  "heex": {
    "revision": "592e22292a367312c35e13de7fdb888f029981d6"
  },
  "hjson": {
    "revision": "02fa3b79b3ff9a296066da6277adfc3f26cbc9e0"
  },
  "hocon": {
    "revision": "5b4688cc57c773e69fe7dfc3f6b83c054557f4f1"
  },
  "html": {
    "revision": "161a92474a7bb2e9e830e48e76426f38299d99d1"
  },
  "http": {
    "revision": "bfddd16b1cf78e0042fd1f6846a179f76a254e20"
  },
  "java": {
    "revision": "a24ae7d16de3517bff243a87d087d0b4877a65c5"
  },
  "javascript": {
    "revision": "fdeb68ac8d2bd5a78b943528bb68ceda3aade2eb"
  },
  "jsdoc": {
    "revision": "189a6a4829beb9cdbe837260653b4a3dfb0cc3db"
  },
  "json": {
    "revision": "203e239408d642be83edde8988d6e7b20a19f0e8"
  },
  "json5": {
    "revision": "5dd5cdc418d9659682556b6adca2dd9ace0ac6d2"
  },
  "jsonc": {
    "revision": "02b01653c8a1c198ae7287d566efa86a135b30d5"
  },
  "julia": {
    "revision": "12ea597262125fc22fd2e91aa953ac69b19c26ca"
  },
  "kotlin": {
    "revision": "a4f71eb9b8c9b19ded3e0e9470be4b1b77c2b569"
  },
  "lalrpop": {
    "revision": "f50b43b5c37eb1029cdcc1d05104aa797ced4c72"
  },
  "latex": {
    "revision": "323b609de40b7729073482a3c59de76cfba7744f"
  },
  "ledger": {
    "revision": "0cdeb0e51411a3ba5493662952c3039de08939ca"
  },
  "llvm": {
    "revision": "3b213925b9c4f42c1acfe2e10bfbb438d9c6834d"
  },
  "lua": {
    "revision": "547184a6cfcc900fcac4a2a56538fa8bcdb293e6"
  },
  "make": {
    "revision": "a4b9187417d6be349ee5fd4b6e77b4172c6827dd"
  },
  "markdown": {
    "revision": "8bee14c30ecadd55c2d65633973b4e81f93525e0"
  },
  "ninja": {
    "revision": "0a95cfdc0745b6ae82f60d3a339b37f19b7b9267"
  },
  "nix": {
    "revision": "6d6aaa50793b8265b6a8b6628577a0083d3b923d"
  },
  "norg": {
    "revision": "ed37d4c571104c64e233a319fc366ede75ee56d4"
  },
  "ocaml": {
    "revision": "23d419ba45789c5a47d31448061557716b02750a"
  },
  "ocaml_interface": {
    "revision": "23d419ba45789c5a47d31448061557716b02750a"
  },
  "ocamllex": {
    "revision": "ac1d5957e719d49bd6acd27439b79843e4daf8ed"
  },
  "pascal": {
    "revision": "2fd40f477d3e2794af152618ccfac8d92eb72a66"
  },
  "perl": {
    "revision": "9f483476142e5e136673b7ff887fc1cd85a9bcc5"
  },
  "php": {
    "revision": "0ce134234214427b6aeb2735e93a307881c6cd6f"
  },
  "phpdoc": {
    "revision": "8fae507a8d749f58958ba160f747231990fb55f0"
  },
  "pioasm": {
    "revision": "924aadaf5dea2a6074d72027b064f939acf32e20"
  },
  "prisma": {
    "revision": "74a721e8eed1a4a25cf495d45974ba24f315f81a"
  },
  "pug": {
    "revision": "5875f9a7d94836708119b0a1102bb5792e8bf673"
  },
  "python": {
    "revision": "78c4e9b6b2f08e1be23b541ffced47b15e2972ad"
  },
  "ql": {
    "revision": "8e7fd7e638d4a0ec7a792ee16b19dbc6407aa810"
  },
  "query": {
    "revision": "5217c6805c09f8fc00ed13d17d5fcb791437aee6"
  },
  "r": {
    "revision": "c19e54de252d5573cc2a762a030957074526fe99"
  },
  "rasi": {
    "revision": "e2961f02244c068a67549adf896b0779e4a29516"
  },
  "regex": {
    "revision": "e1cfca3c79896ff79842f057ea13e529b66af636"
  },
  "rst": {
    "revision": "b74770c0166f28c1a0ab293513a78712ca1c338b"
  },
  "ruby": {
    "revision": "1ebfdb288842dae5a9233e2509a135949023dd82"
  },
  "rust": {
    "revision": "a250c4582510ff34767ec3b7dcdd3c24e8c8aa68"
  },
  "scala": {
    "revision": "0a3dd53a7fc4b352a538397d054380aaa28be54c"
  },
  "scss": {
    "revision": "c478c6868648eff49eb04a4df90d703dc45b312a"
  },
  "sparql": {
    "revision": "05f949d3c1c15e3261473a244d3ce87777374dec"
  },
  "supercollider": {
    "revision": "0f0e5b5a96dd3e048a9c3db648ed969c44068bff"
  },
  "surface": {
    "revision": "f4586b35ac8548667a9aaa4eae44456c1f43d032"
  },
  "svelte": {
    "revision": "98274d94ec33e994e8354d9ddfdef58cca471294"
  },
  "swift": {
    "revision": "44ea67304edbd8f3e45dda20e464b9063cdf0a7a"
  },
  "teal": {
    "revision": "fcc5f6f4d194dede4e676834ff28a506e39e17b4"
  },
  "tlaplus": {
    "revision": "dde405e5128c3c47ab8aa014d21b6e5296ca450f"
  },
  "toml": {
    "revision": "8bd2056818b21860e3d756b5a58c4f6e05fb744e"
  },
  "tsx": {
    "revision": "e8e8e8dc2745840b036421b4e43286750443cb13"
  },
  "turtle": {
    "revision": "085437f5cb117703b7f520dd92161140a684f092"
  },
  "typescript": {
    "revision": "e8e8e8dc2745840b036421b4e43286750443cb13"
  },
  "vala": {
    "revision": "a28c1a318f037ae47236491b324e5976ed857f67"
  },
  "verilog": {
    "revision": "8f6b1f357d1231c420404b5f7a368a73c25adfa2"
  },
  "vim": {
    "revision": "bc573ef552adf8bed9e36eb687a0cccf43158634"
  },
  "vue": {
    "revision": "91fe2754796cd8fba5f229505a23fa08f3546c06"
  },
  "yaml": {
    "revision": "0e36bed171768908f331ff7dff9d956bae016efb"
  },
  "yang": {
    "revision": "8e9d175982afcefa3dac8ca20d40d1643accd2bd"
  },
  "zig": {
    "revision": "42e93d02ca945094699e2dc4de785bbaf8f740ec"
  }
}
